{"title": "Example Post 1", "image": "https://openweathermap.org/img/wn/10d@2x.png", "preview": "Here is the first blog post that has been created. The aim of this page is to give people more generic advice that isn't specific to only certain individuals.\n", "html": "<h1>Example Post 1 - The blog system</h1><br><p>These blogs exist to spread advice to the masses without needing to contact everyone individually. While the 'Contact us' page can be used for people to ask you for help, this system effectively lets you give widespread help to anyone who uses the site.<br><br>With the ability to add your own HTML to these posts, you could include:</p><ul><li>Bullet point lists</li><li>Images <img src='https://openweathermap.org/img/wn/10d@2x.png'></li><li><a href='/'>Links</a></li><li>Or basically anything else!</li></ul><p>So go wild with it, and experiment to see what is possible.</p>", "timestamp": 1679654311845}